"city";"customer_name";"customer_id";"City_quantity";"max_quantity";"Total_price"
"Akron";"Ed Braxton";"EB-13705";"55";"8";"13902,65"
"Akron";"Maria Bertelson";"MB-17305";"63";"7";"4113,39"
"Albuquerque";"Benjamin Farhat";"BF-11215";"48";"9";"7425,31"
"Albuquerque";"Michelle Lonsdale";"ML-18040";"18";"7";"3358,13"
"Allen";"Anthony Witt";"AW-10840";"24";"5";"1324,99"
"Amarillo";"Hunter Glantz";"HG-15025";"38";"10";"13712,15"
"Apple Valley";"Katrina Bavinger";"KB-16405";"25";"6";"3035,78"
"Arlington";"Lindsay Castell";"LC-16960";"30";"9";"20818,45"
"Arlington";"Mark Van Huff";"MV-17485";"52";"9";"6006,48"
"Arlington";"Scot Coram";"SC-20230";"49";"9";"29215,23"
"Arlington";"Shahid Hopkins";"SH-20395";"45";"7";"6220,12"
"Arlington";"Tracy Collins";"TC-21535";"28";"6";"2024,80"
"Arlington Heights";"Sung Chung";"SC-20845";"13";"6";"696,71"
"Arvada";"Ben Peterman";"BP-11185";"69";"14";"21073,13"
"Asheville";"Joe Kamberova";"JK-15730";"88";"9";"16745,94"
"Atlanta";"Christopher Martinez";"CM-12385";"34";"8";"46125,58"
"Auburn";"Anne McFarland";"AM-10705";"81";"11";"21133,54"
"Auburn";"George Bell";"GB-14530";"62";"8";"3546,55"
"Auburn";"Raymond Buch";"RB-19360";"71";"7";"60880,52"
"Aurora";"Arthur Wiediger";"AW-10930";"68";"9";"9888,82"
"Aurora";"Eugene Hildebrand";"EH-14125";"76";"8";"12442,54"
"Aurora";"Fred McMath";"FM-14380";"53";"7";"8824,26"
"Aurora";"Julie Kriz";"JK-16120";"49";"10";"12181,37"
"Aurora";"Lena Cacioppo";"LC-16870";"113";"8";"8545,78"
"Aurora";"Max Engle";"ME-17725";"46";"9";"4762,80"
"Aurora";"Noah Childs";"NC-18625";"29";"5";"5469,06"
"Aurora";"Nick Radford";"NR-18550";"37";"7";"5346,63"
"Aurora";"Shaun Chance";"SC-20440";"44";"9";"7300,15"
"Aurora";"Tracy Poddar";"TP-21565";"48";"9";"8440,84"
"Aurora";"Tonja Turnell";"TT-21460";"48";"11";"22838,48"
"Austin";"Jay Fein";"JF-15355";"58";"9";"6444,78"
"Austin";"Russell D'Ascenzo";"RD-19930";"33";"6";"3293,08"
"Baltimore";"Bart Folk";"BF-11080";"29";"7";"1516,59"
"Belleville";"Toby Ritter";"TR-21325";"22";"7";"2045,89"
"Bloomington";"Philip Fox";"PF-19165";"34";"7";"13521,62"
"Bossier City";"Chris Selesnick";"CS-12250";"97";"7";"13291,98"
"Bowling Green";"Brian Derr";"BD-11635";"19";"5";"2071,18"
"Bowling Green";"Katharine Harms";"KH-16330";"70";"9";"12033,18"
"Boynton Beach";"Ben Wallace";"BW-11200";"49";"14";"11592,45"
"Brentwood";"Alan Hwang";"AH-10210";"53";"8";"21018,83"
"Bridgeton";"Jim Mitchum";"JM-15655";"41";"6";"2937,18"
"Bristol";"Greg Guthrie";"GG-14650";"92";"13";"8843,52"
"Bristol";"Katrina Edelman";"KE-16420";"67";"10";"9225,86"
"Broomfield";"Joe Elijah";"JE-15715";"97";"9";"39091,04"
"Brownsville";"Charles McCrossin";"CM-12160";"23";"6";"10825,71"
"Brownsville";"Joy Bell-";"JB-16000";"32";"9";"1847,59"
"Buffalo";"Kean Thornton";"KT-16480";"37";"5";"13093,24"
"Buffalo";"Maureen Gnade";"MG-17695";"23";"7";"6865,75"
"Burlington";"Grant Thornton";"GT-14635";"26";"9";"19285,69"
"Burlington";"Jennifer Halladay";"JH-15430";"29";"7";"659,31"
"Burlington";"Roy Skaria";"RS-19870";"10";"6";"69,79"
"Burlington";"Yana Sorensen";"YS-21880";"58";"9";"40920,87"
"Carlsbad";"Ruben Dartt";"RD-19900";"85";"8";"17015,61"
"Carrollton";"Chris McAfee";"CM-12235";"28";"7";"11105,29"
"Cary";"Brad Norvell";"BN-11470";"15";"5";"826,43"
"Chapel Hill";"Claudia Bergmann";"CB-12535";"74";"13";"28771,89"
"Charlotte";"Barbara Fisher";"BF-10975";"38";"7";"1564,89"
"Charlotte";"Erin Ashbrook";"EA-14035";"87";"8";"7141,63"
"Charlotte";"Janet Martin";"JM-15250";"91";"14";"16972,88"
"Charlotte";"Larry Hughes";"LH-16750";"12";"5";"1122,22"
"Charlotte";"Penelope Sewall";"PS-19045";"47";"7";"35778,71"
"Charlottesville";"Adam Shillingsburg";"AS-10090";"81";"7";"12940,72"
"Chester";"Anna Andreadi";"AA-10645";"64";"6";"20435,20"
"Chester";"Jesus Ocampo";"JO-15550";"42";"8";"4209,86"
"Chester";"Mick Hernandez";"MH-18115";"79";"8";"22402,79"
"Chicago";"Angele Hood";"AH-10585";"17";"5";"2185,49"
"Chicago";"Christina Anderson";"CA-12265";"65";"9";"13037,31"
"Chicago";"Carlos Soltero";"CS-11950";"68";"9";"8863,03"
"Chicago";"Christopher Schild";"CS-12400";"47";"14";"9729,62"
"Chicago";"Dan Reichenbach";"DR-12880";"103";"9";"28472,45"
"Chicago";"Emily Phan";"EP-13915";"124";"8";"20638,01"
"Chicago";"Harold Engle";"HE-14800";"44";"7";"4077,08"
"Chicago";"Jennifer Braxton";"JB-15400";"43";"6";"3030,21"
"Chicago";"Joy Daniels";"JD-16015";"39";"6";"1542,66"
"Chicago";"Janet Lee";"JL-15235";"39";"12";"9205,23"
"Chicago";"Ken Lonsdale";"KL-16645";"113";"9";"69261,15"
"Chicago";"Lela Donovan";"LD-16855";"3";"3";"12,73"
"Chicago";"Noel Staavos";"NS-18640";"113";"11";"9767,44"
"Chicago";"Paul Lucas";"PL-18925";"29";"5";"646,45"
"Chicago";"Philisse Overcash";"PO-19180";"65";"8";"14542,19"
"Chicago";"Paul Stevenson";"PS-18970";"52";"7";"4911,95"
"Chicago";"Rick Bensley";"RB-19465";"85";"9";"18087,41"
"Chicago";"Roy Collins";"RC-19825";"29";"7";"2434,76"
"Chicago";"Sue Ann Reed";"SA-20830";"75";"10";"19640,40"
"Cincinnati";"Allen Goldenen";"AG-10390";"33";"11";"1169,03"
"Cincinnati";"Brooke Gillingham";"BG-11695";"24";"8";"6188,71"
"Cincinnati";"Christine Abelman";"CA-12310";"25";"5";"4091,54"
"Cincinnati";"Dan Lawera";"DL-12865";"51";"9";"5241,93"
"Cincinnati";"Matt Collins";"MC-17575";"40";"6";"4722,05"
"Cincinnati";"Nathan Gelder";"NG-18430";"41";"10";"5562,52"
"Clarksville";"Kelly Williams";"KW-16570";"22";"6";"1819,78"
"Cleveland";"Resi Pölking";"RP-19390";"88";"8";"28214,64"
"Clinton";"Brad Thomas";"BT-11485";"11";"5";"953,50"
"Clinton";"Michael Granlund";"MG-17890";"35";"9";"2353,78"
"College Station";"Art Ferguson";"AF-10870";"51";"7";"6744,97"
"Colorado Springs";"Kelly Lampkin";"KL-16555";"84";"8";"16998,88"
"Columbia";"Charles Sheldon";"CS-12175";"30";"7";"3400,36"
"Columbia";"Ed Ludwig";"EL-13735";"9";"7";"436,86"
"Columbia";"James Lanier";"JL-15175";"29";"7";"5569,26"
"Columbia";"Tony Sayre";"TS-21505";"54";"7";"5686,30"
"Columbia";"Valerie Dominguez";"VD-21670";"71";"8";"29988,93"
"Columbus";"Anemone Ratner";"AR-10570";"6";"5";"233,75"
"Columbus";"Bryan Mills";"BM-11785";"44";"7";"6056,93"
"Columbus";"Becky Pak";"BP-11155";"32";"5";"5065,74"
"Columbus";"Christy Brittain";"CB-12415";"44";"7";"5120,45"
"Columbus";"Chad Cunningham";"CC-12100";"46";"7";"6092,17"
"Columbus";"Chuck Clark";"CC-12430";"63";"8";"9703,78"
"Columbus";"Craig Reiter";"CR-12730";"18";"5";"5605,44"
"Columbus";"Chuck Sachs";"CS-12460";"13";"5";"1387,12"
"Columbus";"Dorothy Wardle";"DW-13585";"44";"9";"4246,89"
"Columbus";"Henia Zydlo";"HZ-14950";"21";"5";"3260,54"
"Columbus";"Julia Barnett";"JB-16045";"32";"9";"16264,78"
"Columbus";"Julie Prescott";"JP-16135";"47";"7";"6901,66"
"Columbus";"Lisa Hazard";"LH-17020";"34";"9";"760,19"
"Columbus";"Maria Etezadi";"ME-17320";"82";"9";"62866,97"
"Columbus";"Nick Zandusky";"NZ-18565";"77";"9";"6708,13"
"Columbus";"Rob Beeghly";"RB-19570";"35";"7";"1686,34"
"Columbus";"Ryan Crowe";"RC-19960";"44";"14";"2308,06"
"Columbus";"Steve Carroll";"SC-20680";"26";"7";"5933,04"
"Columbus";"Troy Blackwell";"TB-21595";"29";"5";"5445,66"
"Columbus";"Tony Chapman";"TC-21475";"45";"8";"3459,60"
"Columbus";"Victoria Brennan";"VB-21745";"37";"8";"11105,01"
"Columbus";"Vicky Freymann";"VF-21715";"35";"6";"3280,74"
"Concord";"Andrew Allen";"AA-10480";"36";"8";"5484,60"
"Concord";"Sarah Brown";"SB-20185";"45";"7";"28270,31"
"Concord";"Sanjit Chand";"SC-20095";"87";"9";"61481,98"
"Conroe";"Cindy Schnelling";"CS-12490";"33";"9";"3568,22"
"Coppell";"John Dryer";"JD-15790";"26";"7";"9416,58"
"Costa Mesa";"Beth Thompson";"BT-11305";"33";"5";"9832,89"
"Cottage Grove";"Debra Catini";"DC-13285";"37";"9";"5430,08"
"Cranston";"Barry Pond";"BP-11050";"30";"8";"5059,60"
"Dallas";"Jill Fjeld";"JF-15565";"67";"8";"21153,84"
"Dallas";"Jason Klamczynski";"JK-15325";"15";"7";"1755,89"
"Dallas";"Logan Currie";"LC-17140";"62";"9";"15204,69"
"Dallas";"Michael Nguyen";"MN-17935";"36";"5";"9906,57"
"Dallas";"Michael Oakman";"MO-17950";"14";"7";"447,09"
"Dallas";"Michael Stewart";"MS-17980";"49";"10";"3792,36"
"Dallas";"Nona Balk";"NB-18655";"64";"7";"6667,46"
"Dallas";"Nick Crebassa";"NC-18535";"64";"13";"24335,29"
"Dallas";"Neola Schneider";"NS-18505";"52";"13";"5653,78"
"Dallas";"Richard Eichhorn";"RE-19450";"47";"9";"3183,06"
"Dallas";"Rob Williams";"RW-19630";"53";"7";"10623,83"
"Dallas";"Sung Shariari";"SS-20875";"39";"5";"1701,07"
"Dallas";"Tiffany House";"TH-21235";"40";"7";"3115,18"
"Daytona Beach";"Roger Demir";"RD-19720";"78";"8";"4223,03"
"Dearborn";"Sylvia Foulston";"SF-20965";"66";"9";"13241,95"
"Decatur";"David Kendrick";"DK-13150";"20";"7";"3951,08"
"Decatur";"Evan Henry";"EH-14185";"22";"6";"1700,27"
"Decatur";"Stewart Carmichael";"SC-20770";"75";"7";"12728,77"
"Deltona";"Laurel Workman";"LW-16825";"50";"6";"6871,97"
"Denver";"Bruce Stewart";"BS-11755";"45";"7";"7563,75"
"Denver";"Dianna Vittorini";"DV-13465";"62";"10";"11851,54"
"Denver";"Erica Hernandez";"EH-14005";"50";"9";"3786,33"
"Des Moines";"Benjamin Venier";"BV-11245";"49";"7";"4938,85"
"Des Moines";"Jack Garza";"JG-15115";"20";"5";"6365,38"
"Detroit";"Bill Tyler";"BT-11395";"38";"9";"13525,35"
"Detroit";"David Smith";"DS-13180";"68";"10";"11352,74"
"Detroit";"Matt Connell";"MC-17605";"60";"12";"5515,14"
"Detroit";"Maribeth Schnelling";"MS-17365";"105";"13";"43631,15"
"Detroit";"Peter McVee";"PM-19135";"36";"9";"25851,32"
"Detroit";"Sean Wendt";"SW-20350";"25";"7";"3225,17"
"Dover";"Lena Hernandez";"LH-16900";"64";"9";"12634,03"
"Dover";"Lycoris Saunders";"LS-17230";"16";"3";"737,30"
"Dover";"Randy Ferguson";"RF-19345";"67";"9";"14368,08"
"Dover";"Seth Vernon";"SV-20365";"109";"11";"54040,56"
"Dublin";"Filia McAdams";"FM-14215";"48";"7";"7284,95"
"Dublin";"Joni Blumstein";"JB-15925";"32";"6";"2566,89"
"Durham";"Julie Creighton";"JC-16105";"43";"11";"4066,84"
"Eagan";"Odella Nelson";"ON-18715";"58";"8";"5432,92"
"Edmond";"Nora Paige";"NP-18670";"46";"10";"23481,30"
"El Paso";"Mick Crebagga";"MC-18100";"73";"12";"10230,30"
"Elmhurst";"Clay Rozendal";"CR-12580";"32";"12";"17764,69"
"Encinitas";"Darrin Martin";"DM-13015";"87";"9";"25423,17"
"Escondido";"Larry Tron";"LT-16765";"8";"3";"662,80"
"Evanston";"Beth Paige";"BP-11290";"51";"7";"7648,62"
"Evanston";"Peter Bühler";"PB-19105";"18";"9";"4540,72"
"Everett";"Carl Ludwig";"CL-11890";"24";"7";"4640,89"
"Fairfield";"Erica Bern";"EB-13975";"18";"5";"5659,79"
"Fairfield";"Maris LaWare";"ML-17410";"51";"10";"10690,86"
"Fairfield";"Sally Knutson";"SK-19990";"19";"7";"3763,49"
"Fayetteville";"Christopher Conant";"CC-12370";"34";"6";"33914,28"
"Fayetteville";"Carlos Meador";"CM-11935";"18";"8";"1798,73"
"Fayetteville";"Maribeth Dona";"MD-17350";"64";"9";"18311,39"
"Fayetteville";"Thomas Brumley";"TB-21190";"23";"14";"9842,46"
"Florence";"Dan Campbell";"DC-12850";"64";"11";"9045,97"
"Fort Collins";"Kristina Nunn";"KN-16705";"55";"6";"8940,18"
"Fort Lauderdale";"Sean O'Donnell";"SO-20335";"52";"7";"7651,45"
"Fort Worth";"Harold Pawlan";"HP-14815";"44";"8";"9013,82"
"Fort Worth";"Larry Blacks";"LB-16735";"12";"6";"236,56"
"Franklin";"Allen Rosenblatt";"AR-10405";"29";"8";"10243,03"
"Franklin";"Daniel Raglin";"DR-12940";"57";"11";"63842,28"
"Franklin";"Heather Kirkland";"HK-14890";"64";"8";"17374,02"
"Franklin";"Justin Ellison";"JE-16165";"34";"11";"21251,57"
"Fremont";"Ken Black";"KB-16585";"102";"9";"16424,46"
"Fresno";"Brendan Dodson";"BD-11560";"11";"4";"956,94"
"Fresno";"Christina VanderZanden";"CV-12295";"54";"9";"9791,66"
"Fresno";"Nora Preis";"NP-18700";"63";"12";"54869,31"
"Gastonia";"Ross Baird";"RB-19795";"92";"12";"30576,65"
"Gilbert";"Brendan Sweed";"BS-11590";"41";"8";"10100,51"
"Gilbert";"Peter Fuller";"PF-19120";"75";"8";"36883,90"
"Gladstone";"Lynn Smith";"LS-17245";"47";"9";"4232,71"
"Glendale";"Eugene Moren";"EM-14140";"74";"7";"17483,89"
"Glendale";"Gary Hansen";"GH-14410";"65";"9";"6424,04"
"Grand Prairie";"Alice McCarthy";"AM-10360";"48";"11";"3748,19"
"Grand Prairie";"Sarah Jordon";"SJ-20215";"35";"5";"3717,41"
"Grand Prairie";"Trudy Brown";"TB-21625";"60";"8";"11274,35"
"Grapevine";"Muhammed Yedwab";"MY-18295";"89";"10";"18142,21"
"Green Bay";"Bradley Drucker";"BD-11500";"49";"13";"28886,55"
"Green Bay";"Barry Französisch";"BF-11020";"78";"9";"8353,23"
"Greensboro";"Craig Carroll";"CC-12685";"51";"9";"10229,28"
"Greenville";"Suzanne McNair";"SM-20950";"94";"11";"27398,29"
"Grove City";"Clytie Kelty";"CK-12595";"108";"10";"10867,97"
"Gulfport";"Eva Jacobs";"EJ-14155";"31";"9";"7358,19"
"Hackensack";"Thomas Seio";"TS-21205";"67";"8";"24679,74"
"Hamilton";"Cassandra Brandow";"CB-12025";"122";"14";"35231,94"
"Harlingen";"Guy Thornton";"GT-14755";"23";"8";"470,00"
"Henderson";"Claire Gute";"CG-12520";"14";"6";"3068,37"
"Henderson";"Darren Koutras";"DK-12985";"32";"7";"5606,00"
"Henderson";"Rob Dowd";"RD-19585";"73";"7";"14136,41"
"Hesperia";"Grace Kelly";"GK-14620";"66";"11";"25465,43"
"Hialeah";"Steve Chapman";"SC-20695";"66";"11";"12486,84"
"Highland Park";"Laurel Beltran";"LB-16795";"76";"8";"13756,22"
"Hoover";"Carol Adams";"CA-11965";"29";"7";"11352,75"
"Houston";"Alan Dominguez";"AD-10180";"40";"6";"24174,99"
"Houston";"Anna Gayman";"AG-10675";"54";"8";"10428,82"
"Houston";"Brenda Bowman";"BB-11545";"83";"9";"40672,19"
"Houston";"Bryan Davis";"BD-11770";"21";"3";"1010,80"
"Houston";"Cathy Armstrong";"CA-12055";"49";"9";"6463,79"
"Houston";"Dianna Arnett";"DA-13450";"27";"6";"557,17"
"Houston";"Dean Braden";"DB-13210";"75";"9";"6381,96"
"Houston";"Dorothy Dickinson";"DD-13570";"33";"7";"779,51"
"Houston";"Don Miller";"DM-13525";"33";"8";"4389,98"
"Houston";"David Wiener";"DW-13195";"39";"7";"4689,80"
"Houston";"Gary Mitchum";"GM-14455";"54";"8";"13472,21"
"Houston";"Greg Tran";"GT-14710";"106";"10";"61821,85"
"Houston";"Hunter Lopez";"HL-15040";"50";"9";"44290,19"
"Houston";"Jack Lebron";"JL-15130";"42";"7";"4184,62"
"Houston";"Joy Smith";"JS-16030";"70";"7";"8928,22"
"Houston";"Ken Brennan";"KB-16600";"29";"6";"4146,95"
"Houston";"Matt Abelman";"MA-17560";"117";"9";"13550,42"
"Houston";"Pete Takahito";"PT-19090";"19";"5";"391,00"
"Houston";"Russell Applegate";"RA-19915";"75";"7";"14526,69"
"Houston";"Raymond Messe";"RM-19375";"29";"5";"5423,50"
"Houston";"Sean Braxton";"SB-20290";"84";"10";"26091,71"
"Houston";"Stuart Calhoun";"SC-20800";"11";"3";"574,15"
"Houston";"Shirley Jackson";"SJ-20500";"30";"9";"5278,44"
"Houston";"Steve Nguyen";"SN-20710";"89";"14";"15004,40"
"Houston";"Stuart Van";"SV-20815";"24";"7";"6599,97"
"Houston";"Thomas Boland";"TB-21175";"36";"9";"24985,71"
"Houston";"Toby Swindell";"TS-21340";"51";"10";"4861,60"
"Houston";"Thomas Thornton";"TT-21220";"55";"9";"6031,05"
"Huntington Beach";"Caroline Jumper";"CJ-12010";"83";"8";"44369,85"
"Huntsville";"Anna Chung";"AC-10660";"16";"6";"1172,90"
"Huntsville";"Craig Molinari";"CM-12715";"57";"7";"17018,92"
"Huntsville";"Carl Weiss";"CW-11905";"40";"9";"6884,16"
"Huntsville";"Fred Wasserman";"FW-14395";"9";"4";"269,23"
"Huntsville";"Rob Haberlin";"RH-19600";"43";"7";"7396,59"
"Independence";"Sandra Glassco";"SG-20080";"30";"5";"9327,13"
"Indianapolis";"Herbert Flentye";"HF-14995";"70";"9";"7933,18"
"Indianapolis";"Michael Dominguez";"MD-17860";"45";"8";"8090,41"
"Inglewood";"Barry Blumstein";"BB-10990";"26";"7";"1413,22"
"Irving";"Nicole Hansen";"NH-18610";"52";"9";"15258,30"
"Jackson";"Bill Eplett";"BE-11335";"35";"8";"22076,63"
"Jackson";"Michael Chen";"MC-17845";"45";"6";"13393,99"
"Jackson";"Natalie Fritzler";"NF-18385";"52";"8";"28254,15"
"Jackson";"Paul MacIntyre";"PM-18940";"16";"7";"8214,98"
"Jackson";"Stefanie Holloman";"SH-20635";"16";"11";"11709,43"
"Jackson";"Stephanie Ulpright";"SU-20665";"61";"9";"6592,54"
"Jackson";"Scott Williamson";"SW-20275";"28";"8";"13792,64"
"Jacksonville";"Aaron Smayling";"AS-10045";"48";"11";"5760,77"
"Jacksonville";"Cari Schnelling";"CS-11860";"16";"4";"944,34"
"Jacksonville";"Dorothy Badders";"DB-13555";"61";"10";"16180,14"
"Jacksonville";"Heather Jas";"HJ-14875";"21";"6";"1075,06"
"Jacksonville";"Jocasta Rupert";"JR-15700";"3";"3";"2073,31"
"Jacksonville";"Kean Nguyen";"KN-16450";"49";"14";"17156,89"
"Jacksonville";"Mitch Gastineau";"MG-18205";"8";"5";"53,26"
"Jacksonville";"Mark Hamilton";"MH-17455";"45";"9";"10332,98"
"Jacksonville";"Mike Kennedy";"MK-18160";"43";"7";"4220,78"
"Jacksonville";"Nathan Cano";"NC-18415";"38";"6";"3266,69"
"Jacksonville";"Sara Luxemburg";"SL-20155";"30";"8";"16818,75"
"Jamestown";"John Murray";"JM-15865";"50";"8";"43762,23"
"Kenosha";"Dana Kaydos";"DK-12895";"65";"8";"20302,87"
"Kenosha";"Roy Phan";"RP-19855";"61";"7";"6959,17"
"Kent";"Jenna Caffey";"JC-15385";"14";"8";"6825,83"
"Kent";"John Huston";"JH-15820";"29";"9";"1931,51"
"Kent";"Ricardo Emerson";"RE-19405";"5";"5";"193,44"
"La Porte";"Chris Cortes";"CC-12220";"81";"14";"15467,93"
"La Porte";"Denny Blanton";"DB-13405";"62";"8";"9222,53"
"La Porte";"Frank Hawley";"FH-14275";"65";"8";"13796,12"
"La Quinta";"Lori Olson";"LO-17170";"34";"8";"3022,78"
"Lafayette";"Marc Crier";"MC-17275";"54";"8";"14004,17"
"Laguna Niguel";"Mike Pelletier";"MP-18175";"78";"14";"17390,73"
"Lake Charles";"Harry Greene";"HG-14845";"31";"7";"2723,72"
"Lake Elsinore";"Carlos Daly";"CD-11920";"35";"7";"6481,87"
"Lakeland";"Patricia Hirasaki";"PH-18790";"6";"3";"1751,16"
"Lakeville";"Dianna Wilson";"DW-13480";"38";"7";"26162,39"
"Lakewood";"Corey Roper";"CR-12625";"14";"6";"2173,52"
"Lakewood";"Frank Carlisle";"FC-14245";"50";"7";"18565,02"
"Lakewood";"Theresa Coyne";"TC-21145";"17";"6";"4828,40"
"Lancaster";"Bobby Elias";"BE-11410";"19";"5";"10005,17"
"Lancaster";"Guy Phonely";"GP-14740";"21";"6";"926,54"
"Lancaster";"Liz Thompson";"LT-17110";"63";"8";"12978,79"
"Lansing";"Nat Carroll";"NC-18340";"54";"10";"6746,92"
"Laredo";"Melanie Seite";"MS-17830";"14";"4";"769,86"
"Las Cruces";"Denise Leinenbach";"DL-13330";"32";"9";"1820,66"
"Las Vegas";"Victor Preis";"VP-21730";"18";"5";"3057,79"
"Lawrence";"Alex Russell";"AR-10345";"18";"6";"2414,49"
"Lawrence";"Brian Dahlen";"BD-11605";"74";"7";"12595,87"
"Lawrence";"George Zrebassa";"GZ-14545";"25";"7";"12030,59"
"Lawrence";"Michael Paige";"MP-17965";"62";"5";"12105,78"
"Lehi";"Karen Seio";"KS-16300";"10";"4";"114,64"
"Lincoln Park";"Dario Medina";"DM-12955";"28";"6";"5429,43"
"Linden";"Cyma Kinney";"CK-12760";"64";"9";"5237,04"
"Lindenhurst";"Maya Herman";"MH-17785";"42";"10";"10464,69"
"Littleton";"Bobby Trafton";"BT-11440";"16";"4";"958,47"
"Long Beach";"Aimee Bixby";"AB-10150";"37";"6";"2929,00"
"Long Beach";"Frank Atkinson";"FA-14230";"58";"10";"7642,20"
"Long Beach";"Jay Kimmel";"JK-15370";"72";"7";"11171,67"
"Long Beach";"Trudy Glocke";"TG-21640";"50";"14";"11561,43"
"Lorain";"Alejandro Ballentine";"AB-10255";"39";"6";"2166,67"
"Lorain";"Guy Armstrong";"GA-14725";"79";"9";"4158,47"
"Los Angeles";"Alan Barnes";"AB-10165";"48";"6";"3244,72"
"Los Angeles";"Aleksandra Gannaway";"AG-10300";"16";"6";"858,63"
"Los Angeles";"Anthony O'Donnell";"AO-10810";"2";"2";"258,05"
"Los Angeles";"Alyssa Tate";"AT-10435";"28";"9";"6835,31"
"Los Angeles";"Ben Ferrer";"BF-11170";"102";"9";"15635,48"
"Los Angeles";"Brosina Hoffman";"BH-11710";"97";"9";"30922,40"
"Los Angeles";"Bradley Nguyen";"BN-11515";"79";"10";"6948,86"
"Los Angeles";"Bill Overfelt";"BO-11350";"43";"8";"13811,18"
"Los Angeles";"Bradley Talbott";"BT-11530";"44";"8";"10987,81"
"Los Angeles";"Charles Crestani";"CC-12145";"31";"7";"6877,97"
"Los Angeles";"Corinna Mitchell";"CM-12655";"42";"11";"37370,01"
"Los Angeles";"Chad Sievert";"CS-12130";"28";"7";"3969,88"
"Los Angeles";"Darren Budd";"DB-12970";"43";"8";"10556,26"
"Los Angeles";"Doug Bickford";"DB-13615";"41";"7";"4916,39"
"Los Angeles";"Doug O'Connell";"DO-13645";"36";"9";"5155,79"
"Los Angeles";"Darrin Van Huff";"DV-13045";"28";"7";"3729,54"
"Los Angeles";"Eric Hoffmann";"EH-13945";"72";"12";"2789,71"
"Los Angeles";"Eleni McCrary";"EM-13810";"23";"6";"9018,29"
"Los Angeles";"Eudokia Martin";"EM-14095";"34";"6";"3720,07"
"Los Angeles";"Frank Merwin";"FM-14290";"79";"12";"26835,68"
"Los Angeles";"Frank Preis";"FP-14320";"54";"8";"14235,30"
"Los Angeles";"Greg Maxwell";"GM-14695";"44";"9";"25677,43"
"Los Angeles";"Henry Goldwyn";"HG-14965";"68";"12";"8245,44"
"Los Angeles";"Hallie Redmond";"HR-14770";"38";"5";"5238,12"
"Los Angeles";"Jasper Cacioppo";"JC-15340";"12";"5";"190,81"
"Los Angeles";"Jamie Frazer";"JF-15190";"72";"11";"8358,95"
"Los Angeles";"James Galang";"JG-15160";"70";"7";"21959,20"
"Los Angeles";"Jonathan Howell";"JH-15910";"35";"7";"2909,22"
"Los Angeles";"Jennifer Jackson";"JJ-15445";"25";"6";"2799,93"
"Los Angeles";"Justin MacKendrick";"JM-16195";"74";"7";"12598,96"
"Los Angeles";"Jas O'Carroll";"JO-15280";"36";"5";"6584,57"
"Los Angeles";"Jill Stevenson";"JS-15595";"35";"8";"5244,73"
"Los Angeles";"Jim Sink";"JS-15685";"42";"8";"2826,24"
"Los Angeles";"Karen Bern";"KB-16240";"34";"5";"13914,70"
"Los Angeles";"Kunst Miller";"KM-16720";"98";"9";"17061,56"
"Los Angeles";"Katherine Nockton";"KN-16390";"56";"7";"7223,22"
"Los Angeles";"Kean Takahito";"KT-16465";"45";"6";"9959,69"
"Los Angeles";"Lindsay Shagiari";"LS-16975";"63";"10";"9547,33"
"Los Angeles";"Monica Federle";"MF-18250";"38";"7";"6024,72"
"Los Angeles";"Marc Harrigan";"MH-17290";"55";"7";"9063,90"
"Los Angeles";"Marina Lichtenstein";"ML-17395";"72";"13";"11372,88"
"Los Angeles";"Michelle Tran";"MT-18070";"44";"8";"4608,56"
"Los Angeles";"Nancy Lomonaco";"NL-18310";"44";"7";"7480,88"
"Los Angeles";"Olvera Toch";"OT-18730";"51";"12";"12321,88"
"Los Angeles";"Philip Brown";"PB-19150";"54";"10";"9131,26"
"Los Angeles";"Pauline Chand";"PC-19000";"18";"8";"5169,43"
"Los Angeles";"Pamela Stobb";"PS-18760";"75";"11";"8080,98"
"Los Angeles";"Ruben Ausman";"RA-19885";"53";"8";"17807,24"
"Los Angeles";"Ross DeVincentis";"RD-19810";"63";"8";"4370,51"
"Los Angeles";"Skye Norling";"SN-20560";"67";"9";"6745,46"
"Los Angeles";"Susan Pistek";"SP-20920";"57";"9";"18962,08"
"Los Angeles";"Shahid Shariari";"SS-20410";"46";"8";"10469,96"
"Los Angeles";"Toby Gnade";"TG-21310";"30";"7";"5098,95"
"Los Angeles";"Thea Hendricks";"TH-21100";"29";"7";"6971,76"
"Los Angeles";"Tom Stivers";"TS-21430";"31";"8";"12627,52"
"Los Angeles";"Ted Trevino";"TT-21070";"66";"11";"20969,53"
"Los Angeles";"Tim Taslimi";"TT-21265";"8";"3";"995,40"
"Los Angeles";"Vivek Sundaresam";"VS-21820";"38";"7";"3833,02"
"Louisville";"Art Foster";"AF-10885";"37";"7";"3050,68"
"Louisville";"Natalie DeCherney";"ND-18370";"63";"9";"25943,88"
"Louisville";"Pierre Wener";"PW-19240";"39";"6";"8053,36"
"Louisville";"Sharelle Roach";"SR-20425";"34";"6";"5628,23"
"Louisville";"Shirley Schmidt";"SS-20515";"36";"14";"5920,42"
"Louisville";"Tracy Zic";"TZ-21580";"30";"6";"5411,70"
"Lowell";"Rick Reed";"RR-19525";"36";"6";"14585,21"
"Lowell";"Tamara Dahlen";"TD-20995";"67";"9";"6970,20"
"Macon";"Neil Ducich";"ND-18460";"36";"8";"17543,31"
"Madison";"Pete Kriz";"PK-19075";"107";"8";"42444,17"
"Manchester";"Michael Kennedy";"MK-17905";"73";"8";"7606,42"
"Manteca";"Karen Ferguson";"KF-16285";"67";"8";"55311,13"
"Marion";"Dennis Kane";"DK-13375";"77";"8";"11302,30"
"Marysville";"Sarah Foster";"SF-20200";"74";"11";"28569,07"
"Mcallen";"Susan Gilcrest";"SG-20890";"17";"7";"108,24"
"Medina";"Victoria Wilson";"VW-21775";"77";"9";"22690,45"
"Melbourne";"Erin Smith";"ES-14080";"77";"9";"16025,28"
"Memphis";"Joel Eaton";"JE-15745";"90";"8";"25080,92"
"Memphis";"Rose O'Brian";"RO-19780";"48";"7";"9996,69"
"Mesa";"Allen Armold";"AA-10375";"41";"6";"2584,00"
"Mesa";"Maurice Satty";"MS-17710";"48";"7";"5518,23"
"Mesa";"Rick Wilson";"RW-19540";"89";"9";"41251,99"
"Mesquite";"Fred Chung";"FC-14335";"37";"7";"16720,96"
"Miami";"Luke Foster";"LF-17185";"69";"9";"12417,27"
"Middletown";"Jim Radford";"JR-15670";"14";"7";"3483,06"
"Milwaukee";"Bart Watters";"BW-11110";"74";"9";"10818,18"
"Milwaukee";"Jim Epp";"JE-15610";"74";"8";"29074,31"
"Milwaukee";"Trudy Schmidt";"TS-21655";"52";"9";"10911,07"
"Minneapolis";"Alex Avila";"AA-10315";"30";"7";"13127,82"
"Minneapolis";"Amy Cox";"AC-10450";"43";"11";"17119,90"
"Minneapolis";"Justin Deggeller";"JD-16150";"60";"7";"41539,90"
"Minneapolis";"Karl Braun";"KB-16315";"62";"5";"3212,81"
"Mishawaka";"Sonia Cooley";"SC-20575";"30";"8";"6235,49"
"Mission Viejo";"John Lee";"JL-15835";"143";"14";"35694,81"
"Mission Viejo";"Liz Carlisle";"LC-17050";"43";"9";"7609,49"
"Mobile";"Mark Cousins";"MC-17425";"48";"8";"28677,21"
"Monroe";"Barry Gonzalez";"BG-11035";"35";"6";"6050,99"
"Monroe";"Jill Matthias";"JM-15580";"26";"6";"1152,97"
"Monroe";"Mike Caudle";"MC-18130";"34";"7";"4017,62"
"Monroe";"Robert Marley";"RM-19675";"39";"6";"26761,62"
"Monroe";"Sean Miller";"SM-20320";"50";"6";"76095,84"
"Montgomery";"Rob Lucas";"RL-19615";"101";"9";"21913,78"
"Mount Vernon";"Roland Schwarz";"RS-19765";"54";"8";"20992,27"
"Murfreesboro";"Don Jones";"DJ-13510";"52";"7";"8550,83"
"Murfreesboro";"Patrick Jones";"PJ-18835";"46";"6";"3788,14"
"Murray";"Dean percer";"Dp-13240";"99";"11";"22105,65"
"Murray";"Liz Preis";"LP-17095";"52";"8";"10089,45"
"Murrieta";"Ryan Akin";"RA-19945";"27";"6";"3411,56"
"Naperville";"Linda Cazamias";"LC-16930";"52";"10";"25588,27"
"Naperville";"Phillina Ober";"PO-19195";"32";"7";"3469,54"
"New Albany";"Darren Powers";"DP-13000";"58";"9";"4886,95"
"New Brunswick";"Sanjit Jacobs";"SJ-20125";"104";"14";"18556,56"
"New Rochelle";"Shirley Daniels";"SD-20485";"82";"13";"22323,65"
"New York City";"Adam Bellavance";"AB-10060";"56";"10";"31709,42"
"New York City";"Ann Chong";"AC-10615";"59";"8";"8573,43"
"New York City";"Adam Hart";"AH-10075";"75";"10";"7926,30"
"New York City";"Amy Hunt";"AH-10465";"35";"9";"12280,18"
"New York City";"Anna Häberlin";"AH-10690";"102";"10";"50910,14"
"New York City";"Anne Pryor";"AP-10720";"85";"14";"8444,57"
"New York City";"Andy Reiter";"AR-10540";"33";"7";"25532,37"
"New York City";"Adrian Shami";"AS-10135";"9";"6";"229,04"
"New York City";"Alan Schoenberger";"AS-10225";"41";"6";"16662,48"
"New York City";"Annie Zypern";"AZ-10750";"40";"7";"6164,07"
"New York City";"Berenike Kampe";"BK-11260";"58";"10";"2566,22"
"New York City";"Brendan Murry";"BM-11575";"22";"4";"1964,09"
"New York City";"Brian Moss";"BM-11650";"95";"9";"33049,67"
"New York City";"Bill Shonely";"BS-11365";"39";"7";"70965,36"
"New York City";"Bryan Spruell";"BS-11800";"22";"4";"2892,65"
"New York City";"Cindy Chapman";"CC-12475";"40";"5";"4300,29"
"New York City";"Craig Carreira";"CC-12670";"47";"9";"9896,90"
"New York City";"Chad McGuire";"CM-12115";"35";"11";"8421,46"
"New York City";"Christine Phan";"CP-12340";"59";"9";"16065,98"
"New York City";"Cyra Reiten";"CR-12820";"26";"6";"4723,52"
"New York City";"Cynthia Voltz";"CV-12805";"62";"6";"7323,86"
"New York City";"Dennis Bolton";"DB-13360";"28";"9";"3800,24"
"New York City";"Doug Jacobs";"DJ-13630";"43";"13";"33110,96"
"New York City";"Delfina Latchford";"DL-13315";"74";"14";"5575,27"
"New York City";"David Philippe";"DP-13165";"20";"8";"4333,77"
"New York City";"Erin Creighton";"EC-14050";"37";"9";"2322,17"
"New York City";"Erin Mull";"EM-14065";"22";"8";"467,51"
"New York City";"Edward Nazzal";"EN-13780";"27";"5";"6351,07"
"New York City";"Frank Olsen";"FO-14305";"60";"9";"13792,65"
"New York City";"Helen Abelman";"HA-14905";"45";"9";"7469,94"
"New York City";"Henry MacAllister";"HM-14980";"29";"8";"3332,10"
"New York City";"Jennifer Ferguson";"JF-15415";"69";"11";"10198,15"
"New York City";"John Grady";"JG-15805";"46";"10";"7644,52"
"New York City";"Jim Kriz";"JK-15640";"41";"9";"19917,44"
"New York City";"Jeremy Lonsdale";"JL-15505";"56";"6";"12310,11"
"New York City";"Janet Molinari";"JM-15265";"52";"8";"9485,84"
"New York City";"Keith Dawkins";"KD-16495";"84";"8";"26535,26"
"New York City";"Kalyca Meade";"KM-16225";"72";"9";"8948,22"
"New York City";"Katrina Willman";"KW-16435";"42";"8";"25760,89"
"New York City";"Michael Grace";"MG-17875";"23";"7";"3507,73"
"New York City";"Mark Haberlin";"MH-17440";"25";"4";"1076,13"
"New York City";"Mary O'Rourke";"MO-17500";"15";"7";"2205,21"
"New York City";"Meg O'Connel";"MO-17800";"49";"9";"6155,98"
"New York City";"Mark Packer";"MP-17470";"77";"14";"12721,45"
"New York City";"Maxwell Schwartz";"MS-17770";"73";"7";"10857,06"
"New York City";"Mike Vittorini";"MV-18190";"37";"9";"8418,65"
"New York City";"Mitch Webber";"MW-18220";"51";"9";"26077,38"
"New York City";"Nicole Fjeld";"NF-18595";"55";"9";"7962,96"
"New York City";"Nat Gilpin";"NG-18355";"45";"9";"5234,24"
"New York City";"Nathan Mautz";"NM-18445";"44";"9";"17861,28"
"New York City";"Parhena Norris";"PN-18775";"47";"9";"4890,97"
"New York City";"Ralph Arnett";"RA-19285";"58";"7";"9642,61"
"New York City";"Roy Französisch";"RF-19840";"45";"7";"4639,79"
"New York City";"Roland Murray";"RM-19750";"4";"3";"242,29"
"New York City";"Sarah Bern";"SB-20170";"24";"5";"5201,38"
"New York City";"Sanjit Engle";"SE-20110";"78";"14";"53221,67"
"New York City";"Sheri Gordon";"SG-20470";"62";"13";"7577,58"
"New York City";"Speros Goranitis";"SG-20605";"49";"9";"19859,51"
"New York City";"Sally Matthias";"SM-20005";"26";"7";"974,82"
"New York City";"Sibella Parks";"SP-20545";"43";"8";"5419,37"
"New York City";"Steven Roelle";"SR-20740";"50";"10";"22967,61"
"New York City";"Susan Vittorini";"SV-20935";"66";"13";"9980,22"
"New York City";"Steven Ward";"SW-20755";"27";"7";"2417,68"
"New York City";"Tom Ashbrook";"TA-21385";"36";"8";"57610,60"
"New York City";"Tim Brockman";"TB-21250";"74";"10";"5995,46"
"New York City";"Todd Boyes";"TB-21355";"44";"6";"2819,23"
"New York City";"Tracy Hopkins";"TH-21550";"44";"8";"12460,88"
"New York City";"Todd Sumrall";"TS-21370";"59";"7";"46851,76"
"Newark";"Brian Thompson";"BT-11680";"88";"9";"12175,07"
"Newark";"Maureen Gastineau";"MG-17680";"25";"4";"4103,70"
"Newark";"Susan MacKendrick";"SM-20905";"20";"5";"2644,57"
"Newark";"Vivian Mathis";"VM-21835";"25";"6";"1252,66"
"Niagara Falls";"Nora Pelletier";"NP-18685";"23";"6";"2475,99"
"North Las Vegas";"Robert Barroso";"RB-19645";"29";"8";"786,88"
"Norwich";"Cathy Prescott";"CP-12085";"57";"9";"25269,45"
"Norwich";"Liz Willingham";"LW-17125";"15";"5";"5006,40"
"Norwich";"Sample Company A";"SC-20050";"61";"9";"21678,79"
"Oakland";"Craig Yedwab";"CY-12745";"43";"8";"11210,53"
"Oakland";"Joni Wasserman";"JW-15955";"41";"10";"4728,27"
"Oakland";"Patrick Ryan";"PR-18880";"43";"9";"5725,85"
"Oceanside";"Andy Yotov";"AY-10555";"34";"7";"1345,00"
"Oceanside";"Duane Benoit";"DB-13660";"33";"8";"3602,79"
"Oceanside";"Daniel Lacy";"DL-12925";"43";"6";"7410,72"
"Oceanside";"Emily Grady";"EG-13900";"44";"13";"5909,69"
"Oceanside";"Jennifer Patt";"JP-15460";"54";"7";"6958,98"
"Oklahoma City";"Tony Molinari";"TM-21490";"12";"8";"5185,98"
"Olathe";"Brad Eason";"BE-11455";"40";"7";"4768,01"
"Olympia";"Rick Duston";"RD-19480";"60";"10";"24116,88"
"Omaha";"Juliana Krohn";"JK-16090";"43";"7";"14506,92"
"Ontario";"Kelly Andreada";"KA-16525";"57";"14";"6995,21"
"Orem";"Christine Kargatis";"CK-12325";"46";"6";"10681,35"
"Orem";"Emily Burns";"EB-13870";"41";"7";"9418,78"
"Orland Park";"Pete Armstrong";"PA-19060";"27";"6";"2843,16"
"Palm Coast";"Arthur Prichep";"AP-10915";"102";"9";"9750,99"
"Park Ridge";"Joni Sundaresam";"JS-15940";"37";"7";"1431,83"
"Parker";"Maribeth Yedwab";"MY-17380";"49";"13";"12353,94"
"Parma";"Shui Tom";"ST-20530";"33";"6";"1057,35"
"Pasadena";"Ann Steele";"AS-10630";"34";"7";"2927,33"
"Pasadena";"Barry Franz";"BF-11005";"26";"5";"3009,79"
"Pasadena";"Candace McMahon";"CM-11815";"38";"6";"7679,95"
"Pasadena";"Dorris liebe";"Dl-13600";"19";"5";"2075,84"
"Pasadena";"Helen Andreada";"HA-14920";"72";"9";"10407,22"
"Pasadena";"Luke Weiss";"LW-17215";"59";"8";"26153,18"
"Pembroke Pines";"Denny Ordway";"DO-13435";"48";"6";"3460,25"
"Peoria";"Becky Castell";"BC-11125";"60";"12";"11742,49"
"Peoria";"Bart Pistole";"BP-11095";"70";"6";"7470,49"
"Peoria";"Dennis Pardue";"DP-13390";"50";"7";"13794,30"
"Perth Amboy";"Matt Collister";"MC-17590";"47";"7";"7365,09"
"Philadelphia";"Andrew Gjertsen";"AG-10495";"93";"14";"12322,72"
"Philadelphia";"Anthony Garverick";"AG-10765";"20";"9";"430,59"
"Philadelphia";"Aaron Hawkins";"AH-10030";"54";"9";"9849,86"
"Philadelphia";"Arianne Irving";"AI-10855";"72";"9";"19844,01"
"Philadelphia";"Andrew Roberts";"AR-10510";"33";"9";"1132,12"
"Philadelphia";"Bruce Geld";"BG-11740";"22";"5";"3385,50"
"Philadelphia";"Brian Stugart";"BS-11665";"47";"9";"18835,65"
"Philadelphia";"Corey Catlett";"CC-12610";"39";"7";"8811,93"
"Philadelphia";"Catherine Glotzbach";"CG-12040";"37";"8";"2114,19"
"Philadelphia";"Carl Jackson";"CJ-11875";"5";"5";"66,08"
"Philadelphia";"Chloris Kastensmidt";"CK-12205";"122";"8";"7481,43"
"Philadelphia";"Charlotte Melton";"CM-12190";"21";"6";"4212,41"
"Philadelphia";"Corey-Lock";"Co-12640";"30";"6";"5076,55"
"Philadelphia";"Deirdre Greer";"DG-13300";"39";"11";"28193,31"
"Philadelphia";"Dean Katz";"DK-13225";"70";"9";"16773,67"
"Philadelphia";"Eugene Barchas";"EB-14110";"30";"5";"6642,29"
"Philadelphia";"Eric Murdock";"EM-13960";"18";"4";"1938,23"
"Philadelphia";"Fred Hopkins";"FH-14365";"52";"10";"41326,95"
"Philadelphia";"Giulietta Baptist";"GB-14575";"63";"8";"22666,38"
"Philadelphia";"Giulietta Dortch";"GD-14590";"25";"10";"15007,11"
"Philadelphia";"Harold Dahlen";"HD-14785";"31";"9";"623,37"
"Philadelphia";"Harry Marie";"HM-14860";"76";"7";"47267,11"
"Philadelphia";"Jonathan Doherty";"JD-15895";"150";"13";"42857,31"
"Philadelphia";"John Lucas";"JL-15850";"38";"7";"8401,54"
"Philadelphia";"Jessica Myrick";"JM-15535";"46";"13";"10188,61"
"Philadelphia";"Jack O'Briant";"JO-15145";"59";"7";"17331,73"
"Philadelphia";"Julia West";"JW-16075";"38";"14";"6864,80"
"Philadelphia";"Katherine Hughes";"KH-16360";"40";"8";"13046,92"
"Philadelphia";"Lisa Ryan";"LR-17035";"44";"6";"6809,72"
"Philadelphia";"Linda Southworth";"LS-16945";"51";"9";"6765,87"
"Philadelphia";"Matthew Grinstein";"MG-17650";"57";"8";"15376,08"
"Philadelphia";"Mike Gockenbach";"MG-18145";"42";"10";"14365,02"
"Philadelphia";"Mathew Reese";"MR-17545";"29";"8";"2365,15"
"Philadelphia";"Nicole Brennan";"NB-18580";"7";"4";"865,16"
"Philadelphia";"Paul Knutson";"PK-18910";"14";"6";"2331,01"
"Philadelphia";"Patrick O'Brill";"PO-18850";"91";"13";"54521,24"
"Philadelphia";"Randy Bradley";"RB-19330";"16";"5";"3212,90"
"Philadelphia";"Ralph Kennedy";"RK-19300";"29";"7";"6127,71"
"Philadelphia";"Sandra Flanagan";"SF-20065";"35";"10";"3943,18"
"Philadelphia";"Stefania Perrino";"SP-20620";"77";"8";"22630,06"
"Philadelphia";"Sung Pak";"SP-20860";"80";"8";"17470,84"
"Philadelphia";"Tracy Blumstein";"TB-21520";"85";"9";"16550,24"
"Philadelphia";"Thea Hudgings";"TH-21115";"29";"5";"7156,56"
"Philadelphia";"Theone Pippenger";"TP-21130";"55";"9";"23228,71"
"Philadelphia";"Valerie Takahito";"VT-21700";"42";"10";"5901,01"
"Philadelphia";"William Brown";"WB-21850";"146";"9";"25084,24"
"Phoenix";"Adrian Barton";"AB-10105";"73";"13";"141627,40"
"Phoenix";"Joseph Airdo";"JA-15970";"87";"10";"31679,35"
"Phoenix";"Tanja Norvell";"TN-21040";"48";"7";"10558,49"
"Phoenix";"Thais Sissman";"TS-21085";"4";"3";"3,13"
"Phoenix";"Troy Staebel";"TS-21610";"44";"7";"12726,15"
"Pico Rivera";"Sam Zeldin";"SZ-20035";"69";"8";"11739,66"
"Plano";"Sam Craven";"SC-20020";"62";"7";"11015,63"
"Portland";"Roger Barcio";"RB-19705";"22";"5";"6758,03"
"Providence";"Gene McClure";"GM-14500";"53";"9";"6922,68"
"Providence";"Jason Gross";"JG-15310";"46";"8";"9850,05"
"Providence";"Rick Huthwaite";"RH-19510";"43";"9";"29759,50"
"Pueblo";"Justin Hirsh";"JH-16180";"28";"13";"13274,43"
"Pueblo";"Stewart Visinsky";"SV-20785";"91";"7";"13676,95"
"Quincy";"Duane Huffman";"DH-13675";"41";"7";"4085,74"
"Quincy";"Muhammed MacIntyre";"MM-18280";"32";"7";"1555,25"
"Raleigh";"Barry Weirich";"BW-11065";"8";"3";"919,39"
"Raleigh";"Cathy Hwang";"CH-12070";"13";"6";"3581,45"
"Redlands";"Mary Zewe";"MZ-17515";"39";"7";"5212,65"
"Richardson";"Gene Hale";"GH-14485";"15";"7";"6615,42"
"Richmond";"Bruce Degenhardt";"BD-11725";"29";"5";"4338,02"
"Richmond";"Bobby Odegard";"BO-11425";"7";"5";"635,91"
"Richmond";"Dave Hallsten";"DH-13075";"81";"8";"22583,38"
"Richmond";"Pauline Webber";"PW-19030";"48";"8";"17944,55"
"Riverside";"Neoma Murray";"NM-18520";"60";"6";"10712,60"
"Riverside";"Rachel Payne";"RP-19270";"47";"10";"2681,55"
"Rochester";"Astrea Jones";"AJ-10960";"22";"7";"2888,85"
"Rochester";"Carol Triggs";"CT-11995";"60";"9";"10452,66"
"Rochester";"Gary Zandusky";"GZ-14470";"48";"6";"15257,90"
"Rochester";"Lauren Leatherbury";"LL-16840";"50";"13";"18210,69"
"Rochester";"Paul Gonzalez";"PG-18895";"61";"7";"6408,82"
"Rochester";"Rick Hansen";"RH-19495";"38";"7";"21444,02"
"Rochester Hills";"Sean Christensen";"SC-20305";"64";"7";"15166,77"
"Rockford";"Neil Französisch";"NF-18475";"13";"6";"990,87"
"Roseville";"Ionia McGrath";"IM-15055";"19";"6";"11546,41"
"Roseville";"Lena Creighton";"LC-16885";"93";"14";"27910,03"
"Roswell";"Christine Sundaresam";"CS-12355";"74";"6";"12112,82"
"Roswell";"Denise Monton";"DM-13345";"41";"7";"11764,85"
"Roswell";"Erica Hackney";"EH-13990";"20";"6";"2883,95"
"Roswell";"Khloe Miller";"KM-16660";"30";"6";"1609,77"
"Round Rock";"Greg Hansen";"GH-14665";"9";"5";"314,39"
"Saginaw";"Joseph Holt";"JH-15985";"64";"13";"55230,49"
"Saint Louis";"Matthew Clasen";"MC-17635";"33";"7";"3115,37"
"Saint Louis";"Richard Bierner";"RB-19435";"66";"7";"8925,84"
"Saint Paul";"Elpida Rittenbach";"ER-13855";"27";"10";"6435,59"
"Saint Paul";"Quincy Jones";"QJ-19255";"61";"7";"29744,69"
"Saint Peters";"Robert Dilbeck";"RD-19660";"23";"8";"10618,10"
"Saint Petersburg";"Andy Gerbode";"AG-10525";"33";"9";"3026,70"
"Saint Petersburg";"Anthony Johnson";"AJ-10795";"88";"9";"19587,59"
"Salem";"Katherine Murray";"KM-16375";"69";"9";"18827,12"
"Salem";"Zuschuss Carroll";"ZC-21910";"105";"9";"33364,86"
"Salinas";"Damala Kotsonis";"DK-12835";"86";"14";"14745,81"
"Salinas";"Dave Poirier";"DP-13105";"63";"13";"10469,79"
"Salt Lake City";"Patrick Bzostek";"PB-18805";"54";"9";"3800,39"
"San Antonio";"Becky Martin";"BM-11140";"64";"9";"56227,03"
"San Antonio";"John Castell";"JC-15775";"64";"9";"10018,26"
"San Antonio";"Ken Heidel";"KH-16630";"84";"12";"23122,74"
"San Diego";"Cynthia Delaney";"CD-12790";"49";"7";"5928,41"
"San Diego";"Deborah Brumfield";"DB-13270";"52";"7";"21489,99"
"San Diego";"Emily Ducich";"ED-13885";"54";"11";"29207,72"
"San Diego";"Ed Jacobs";"EJ-13720";"31";"8";"11069,88"
"San Diego";"Helen Wasserman";"HW-14935";"85";"9";"59334,16"
"San Diego";"Ivan Gibson";"IG-15085";"19";"5";"2321,95"
"San Diego";"Kelly Collister";"KC-16540";"28";"13";"47803,04"
"San Diego";"Lena Radford";"LR-16915";"64";"9";"15222,99"
"San Diego";"MaryBeth Skach";"MS-17530";"21";"8";"1051,96"
"San Diego";"Maria Zettner";"MZ-17335";"11";"3";"1490,67"
"San Diego";"Toby Carlisle";"TC-21295";"63";"9";"22463,52"
"San Diego";"Vivek Gonzalez";"VG-21790";"32";"8";"3262,21"
"San Diego";"Xylona Preis";"XP-21865";"100";"12";"7938,71"
"San Francisco";"Alyssa Crouse";"AC-10420";"17";"5";"2365,64"
"San Francisco";"Alejandro Savely";"AS-10285";"39";"9";"18454,93"
"San Francisco";"Bill Donatelli";"BD-11320";"75";"8";"29126,94"
"San Francisco";"Brian DeCherney";"BD-11620";"27";"7";"4910,16"
"San Francisco";"Clay Cheatham";"CC-12550";"14";"7";"465,46"
"San Francisco";"Chuck Magee";"CM-12445";"32";"7";"971,42"
"San Francisco";"Dionis Lloyd";"DL-13495";"33";"6";"13403,83"
"San Francisco";"Duane Noonan";"DN-13690";"41";"8";"11604,89"
"San Francisco";"Eric Barreto";"EB-13930";"24";"5";"2905,40"
"San Francisco";"Erica Smith";"ES-14020";"31";"7";"17158,70"
"San Francisco";"Frank Gastineau";"FG-14260";"48";"7";"7428,39"
"San Francisco";"George Ashbrook";"GA-14515";"48";"6";"16548,95"
"San Francisco";"Gary McGarr";"GM-14440";"43";"9";"13399,50"
"San Francisco";"Georgia Rosenberg";"GR-14560";"23";"7";"7827,68"
"San Francisco";"Hilary Holden";"HH-15010";"20";"10";"679,59"
"San Francisco";"Ivan Liston";"IL-15100";"60";"9";"34859,17"
"San Francisco";"Julia Dunbar";"JD-16060";"17";"4";"2211,15"
"San Francisco";"Jamie Kunitz";"JK-15205";"67";"14";"48880,51"
"San Francisco";"Jeremy Pistek";"JP-15520";"63";"7";"12450,11"
"San Francisco";"Karen Carlisle";"KC-16255";"40";"12";"11097,74"
"San Francisco";"Katherine Ducich";"KD-16345";"36";"6";"6386,16"
"San Francisco";"Keith Herrera";"KH-16510";"91";"13";"30443,30"
"San Francisco";"Kristen Hastings";"KH-16690";"69";"10";"36600,42"
"San Francisco";"Lisa DeCherney";"LD-17005";"25";"9";"13960,28"
"San Francisco";"Logan Haushalter";"LH-17155";"44";"4";"3972,25"
"San Francisco";"Liz Pelletier";"LP-17080";"39";"11";"2428,33"
"San Francisco";"Lindsay Williams";"LW-16990";"38";"8";"14786,69"
"San Francisco";"Michelle Ellison";"ME-18010";"15";"5";"2169,13"
"San Francisco";"Matt Hagelstein";"MH-17620";"19";"6";"3953,10"
"San Francisco";"Michael Moore";"MM-17920";"68";"11";"11138,86"
"San Francisco";"Pamela Coakley";"PC-18745";"22";"7";"10165,69"
"San Francisco";"Phillip Flathmann";"PF-19225";"32";"7";"7044,35"
"San Francisco";"Patrick Gardner";"PG-18820";"83";"7";"10268,48"
"San Francisco";"Paul Van Hugh";"PV-18985";"52";"9";"17523,96"
"San Francisco";"Ralph Ritter";"RR-19315";"7";"2";"791,09"
"San Francisco";"Scott Cohen";"SC-20260";"63";"7";"16249,40"
"San Francisco";"Sally Hughsby";"SH-19975";"113";"12";"13368,64"
"San Francisco";"Tamara Manning";"TM-21010";"67";"11";"17401,31"
"San Francisco";"Victoria Pisteka";"VP-21760";"65";"13";"12201,62"
"San Francisco";"Yoseph Carroll";"YC-21895";"31";"7";"26323,57"
"San Francisco";"Zuschuss Donatelli";"ZD-21925";"32";"5";"5499,11"
"San Jose";"Stephanie Phelps";"SP-20650";"71";"8";"6387,15"
"Santa Ana";"Eileen Kiefer";"EK-13795";"18";"10";"10432,63"
"Santa Ana";"Pauline Johnson";"PJ-19015";"25";"7";"10596,63"
"Santa Clara";"David Bremer";"DB-13120";"59";"9";"12176,80"
"Scottsdale";"Ken Dana";"KD-16615";"56";"8";"7492,73"
"Scottsdale";"Meg Tillman";"MT-17815";"31";"8";"20536,15"
"Scottsdale";"Tamara Willingham";"TW-21025";"57";"13";"31697,83"
"Seattle";"Aaron Bergman";"AB-10015";"13";"3";"1969,69"
"Seattle";"Annie Thurman";"AT-10735";"60";"9";"25002,63"
"Seattle";"Christina DeMoss";"CD-12280";"39";"6";"4040,28"
"Seattle";"Cari Sayre";"CS-11845";"22";"4";"3897,46"
"Seattle";"Dave Brooks";"DB-13060";"48";"7";"18415,73"
"Seattle";"Dave Kipp";"DK-13090";"33";"6";"5835,27"
"Seattle";"Darrin Sayre";"DS-13030";"54";"6";"3670,77"
"Seattle";"Don Weiss";"DW-13540";"21";"4";"934,21"
"Seattle";"Edward Becker";"EB-13750";"91";"9";"17870,31"
"Seattle";"Ellis Ballard";"EB-13840";"41";"8";"30910,79"
"Seattle";"Fred Harton";"FH-14350";"52";"9";"9153,79"
"Seattle";"Greg Matthias";"GM-14680";"31";"6";"9764,19"
"Seattle";"Giulietta Weimer";"GW-14605";"43";"14";"8625,63"
"Seattle";"Harold Ryan";"HR-14830";"51";"7";"19333,04"
"Seattle";"Irene Maddox";"IM-15070";"93";"14";"36807,70"
"Seattle";"Jason Fortune-";"JF-15295";"42";"12";"2402,45"
"Seattle";"Jeremy Farry";"JF-15490";"36";"4";"2701,71"
"Seattle";"Jim Karlsson";"JK-15625";"44";"10";"12627,62"
"Seattle";"John Stevenson";"JS-15880";"43";"13";"31925,16"
"Seattle";"Kimberly Carter";"KC-16675";"40";"13";"5820,40"
"Seattle";"Michelle Huthwaite";"MH-18025";"31";"5";"11036,99"
"Seattle";"Max Jones";"MJ-17740";"50";"6";"20334,30"
"Seattle";"Muhammed Lee";"ML-18265";"7";"3";"328,57"
"Seattle";"Michelle Moray";"MM-18055";"73";"7";"10213,15"
"Seattle";"Neil Knudson";"NK-18490";"51";"10";"3341,46"
"Seattle";"Ricardo Sperren";"RS-19420";"29";"5";"11078,21"
"Seattle";"Shahid Collister";"SC-20380";"80";"9";"30564,31"
"Seattle";"Sonia Sunley";"SS-20590";"17";"3";"655,15"
"Seattle";"Tom Boeckenhauer";"TB-21400";"55";"6";"36785,72"
"Seattle";"Tamara Chand";"TC-20980";"42";"7";"92482,74"
"Seattle";"Tom Prescott";"TP-21415";"39";"9";"29475,31"
"Sioux Falls";"Elizabeth Moffitt";"EM-13825";"57";"8";"8457,62"
"Skokie";"Bill Stewart";"BS-11380";"58";"8";"13153,95"
"Skokie";"Luke Schmidt";"LS-17200";"54";"7";"5488,60"
"Smyrna";"Paul Prost";"PP-18955";"138";"9";"42574,50"
"Spokane";"Benjamin Patterson";"BP-11230";"14";"5";"3421,95"
"Springfield";"Anthony Jacobs";"AJ-10780";"62";"8";"24579,68"
"Springfield";"Craig Leslie";"CL-12700";"34";"9";"14201,45"
"Springfield";"Deanra Eno";"DE-13255";"38";"10";"21227,42"
"Springfield";"Joel Jenkins";"JJ-15760";"11";"5";"722,32"
"Springfield";"Justin Ritter";"JR-16210";"41";"9";"11126,21"
"Springfield";"Karen Daniels";"KD-16270";"64";"8";"45071,61"
"Springfield";"Liz MacKendrick";"LM-17065";"32";"9";"7581,92"
"Stockton";"Alex Grayson";"AG-10330";"47";"12";"3271,91"
"Stockton";"Scot Wooten";"SW-20245";"33";"7";"3270,98"
"Suffolk";"Max Ludwig";"ML-17755";"53";"9";"11890,01"
"Suffolk";"Shaun Weien";"SW-20455";"18";"3";"4796,31"
"Tallahassee";"Ritsa Hightower";"RH-19555";"11";"5";"2851,10"
"Tamarac";"Alan Haines";"AH-10195";"28";"7";"4981,49"
"Tampa";"Alan Shonely";"AS-10240";"39";"6";"1131,16"
"Tampa";"Cynthia Arntzen";"CA-12775";"72";"11";"12643,72"
"Tampa";"Daniel Byrd";"DB-12910";"47";"7";"9969,95"
"Taylor";"Laura Armstrong";"LA-16780";"105";"9";"35234,38"
"Thomasville";"Cindy Stewart";"CS-12505";"40";"7";"10170,68"
"Tigard";"Natalie Webber";"NW-18400";"78";"7";"32018,25"
"Toledo";"Maureen Fritzler";"MF-17665";"36";"8";"3062,52"
"Toledo";"Theresa Swint";"TS-21160";"60";"7";"7792,56"
"Trenton";"Roland Fjeld";"RF-19735";"53";"11";"8950,64"
"Troy";"Jeremy Ellison";"JE-15475";"49";"9";"4272,16"
"Troy";"Ted Butterfield";"TB-21055";"66";"9";"5600,65"
"Tucson";"Ann Blume";"AB-10600";"38";"14";"4639,91"
"Tucson";"Arthur Gainer";"AG-10900";"92";"10";"21479,04"
"Tucson";"Adrian Hane";"AH-10120";"65";"7";"6148,71"
"Tucson";"Beth Fritzler";"BF-11275";"11";"3";"1636,82"
"Tucson";"Gary Hwang";"GH-14425";"51";"8";"12676,07"
"Tulsa";"Phillip Breyer";"PB-19210";"10";"7";"640,25"
"Tyler";"Carol Darley";"CD-11980";"22";"9";"3167,66"
"Urbandale";"Clay Ludtke";"CL-12565";"106";"8";"43747,32"
"Vallejo";"David Flashing";"DF-13135";"23";"6";"7049,21"
"Vancouver";"Anthony Rawles";"AR-10825";"54";"9";"25167,79"
"Vancouver";"Jane Waco";"JW-15220";"66";"10";"35271,85"
"Vineland";"Mick Brown";"MB-18085";"39";"11";"4647,76"
"Virginia Beach";"Evan Minnotte";"EM-14200";"13";"6";"1438,07"
"Virginia Beach";"Mitch Willingham";"MW-18235";"13";"7";"25473,36"
"Virginia Beach";"Vivek Grady";"VG-21805";"16";"4";"978,73"
"Warner Robins";"Denny Joy";"DJ-13420";"20";"7";"9088,92"
"Warwick";"Saphhira Shifley";"SS-20140";"86";"8";"4992,71"
"Washington";"Toby Braunhardt";"TB-21280";"35";"5";"9155,10"
"Watertown";"Edward Hooks";"EH-13765";"120";"12";"35767,73"
"Watertown";"Michelle Arnett";"MA-17995";"42";"5";"8285,15"
"Waynesboro";"Naresj Patel";"NP-18325";"77";"10";"18425,16"
"West Jordan";"Alejandro Grove";"AG-10270";"58";"14";"23439,12"
"Westfield";"Valerie Mitchum";"VM-21685";"37";"9";"9711,23"
"Westland";"Patrick O'Donnell";"PO-18865";"54";"9";"9641,54"
"Whittier";"Laurel Elliston";"LE-16810";"32";"6";"3563,39"
"Wilmington";"Ashley Jarboe";"AJ-10945";"40";"9";"10019,03"
"Wilmington";"Evan Bailliet";"EB-14170";"20";"5";"5184,89"
"Wilmington";"Magdelene Morse";"MM-17260";"17";"4";"2725,33"
"Wilmington";"Robert Waldorf";"RW-19690";"61";"12";"22363,20"
"Wilmington";"Steven Cartwright";"SC-20725";"133";"11";"29316,34"
